{
	"description": "项目配置文件",
	"packOptions": {
		"ignore": []
	},
	"setting": {
		"urlCheck": false,
		"es6": true,
		"postcss": true,
		"minified": false,
		"newFeature": true,
		"coverView": true,
		"autoAudits": false,
		"checkInvalidKey": true,
		"checkSiteMap": true,
		"uploadWithSourceMap": true,
		"babelSetting": {
			"ignore": [],
			"disablePlugins": [],
			"outputPath": ""
		}
	},
	"compileType": "miniprogram",
	"libVersion": "2.7.7",
	"cloudfunctionRoot": "functions/",
	"appid": "wx7c54942dfc87f4d8",
	"projectname": "%E6%95%99%E5%AD%A6-%E7%82%B9%E9%A4%90%E5%B0%8F%E7%A8%8B%E5%BA%8F200217",
	"debugOptions": {
		"hidedInDevtools": []
	},
	"isGameTourist": false,
	"simulatorType": "wechat",
	"simulatorPluginLibVersion": {},
	"condition": {
		"search": {
			"current": -1,
			"list": []
		},
		"conversation": {
			"current": -1,
			"list": []
		},
		"plugin": {
			"current": -1,
			"list": []
		},
		"game": {
			"currentL": -1,
			"list": []
		},
		"gamePlugin": {
			"current": -1,
			"list": []
		},
		"miniprogram": {
			"current": 5,
			"list": [
				{
					"id": 1,
					"name": "我的订单",
					"pathName": "pages/myOrder/myOrder",
					"query": "",
					"scene": null
				},
				{
					"id": 1,
					"name": "首页",
					"pathName": "pages/index/index",
					"query": "",
					"scene": null
				},
				{
					"id": 3,
					"name": "我的评价",
					"pathName": "pages/mycomment/mycomment",
					"query": "",
					"scene": null
				},
				{
					"id": 3,
					"name": "pages/buy/buy",
					"pathName": "pages/buy/buy",
					"query": "tableNum=1",
					"scene": null
				},
				{
					"id": -1,
					"name": "确认订单",
					"pathName": "pages/confirmOrder/confirmOrder",
					"query": "",
					"scene": null
				},
				{
					"id": -1,
					"name": "修改",
					"pathName": "pages/change/change",
					"query": "",
					"scene": null
				}
			]
		}
	}
}